<?xml version="1.0" encoding="UTF-8"?>
<beans xmlns="http://www.springframework.org/schema/beans"
	xmlns:xsi="http://www.w3.org/2001/XMLSchema-instance" xmlns:context="http://www.springframework.org/schema/context"
	xsi:schemaLocation="http://www.springframework.org/schema/beans http://www.springframework.org/schema/beans/spring-beans.xsd
		http://www.springframework.org/schema/context http://www.springframework.org/schema/context/spring-context-4.3.xsd">


	<bean id="sbu" class="com.cg.bean.SBU">
		<property name="sbuId" value="25"></property>
		<property name="sbuName" value="Kiran Rao"></property>
		<property name="sbuHead" value="Product Engineering Services"></property>
		<property name="empList">
			<list>
					<bean id="emp" class="com.cg.bean.Employee">
						<property name="employeeId" value="12345"></property>
						<property name="employeeName" value="Harriet"></property>
						<property name="salary" value="40000.0"></property>
						<property name="businessUnit" value="PES-BU"></property>
						<property name="age" value="30"></property>
					</bean>
					<bean id="emp1" class="com.cg.bean.Employee">
						<property name="employeeId" value="12346"></property>
						<property name="employeeName" value="Harriet"></property>
						<property name="salary" value="40000.0"></property>
						<property name="businessUnit" value="PES-BU"></property>
						<property name="age" value="30"></property>
					</bean>
			</list>
		</property>
	</bean>

</beans>
